Date,Strategy Return,MACD Return,RSI Return,BB Return,Buy & Hold Returns
2021-02-22,-0.015001457449510954,-0.015001457449510954,0.001,-0.015001457449510954,-0.015001457449510954
2021-02-23,0.02493054643372588,0.001,0.001,0.02493054643372588,0.02493054643372588
2021-02-24,0.0,0.001,0.001,-0.085751876177336,-0.085751876177336
2021-02-25,0.030125920978283177,0.001,0.001,0.030125920978283177,0.030125920978283177
2021-02-26,0.009235699311950457,0.001,0.001,0.009235699311950457,0.009235699311950457
2021-03-01,-0.031968381626987674,0.001,0.001,-0.031968381626987674,-0.031968381626987674
2021-03-02,-0.04590478573310568,0.001,0.001,-0.04590478573310568,-0.04590478573310568
2021-03-03,-0.03452185436194206,0.001,0.001,-0.03452185436194206,-0.03452185436194206
2021-03-04,0.007349528782307953,0.001,0.001,0.007349528782307953,0.007349528782307953
2021-03-05,-0.0722208489312436,0.001,0.001,-0.0722208489312436,-0.0722208489312436
2021-03-08,0.07692430323270878,0.001,0.001,0.07692430323270878,0.07692430323270878
2021-03-09,-0.0041619240529334285,0.001,0.001,-0.0041619240529334285,-0.0041619240529334285
2021-03-10,0.04126377856632892,0.001,0.001,0.04126377856632892,0.04126377856632892
2021-03-11,-0.01063858934935073,0.001,0.001,-0.01063858934935073,-0.01063858934935073
2021-03-12,0.025743095154745585,0.001,0.001,0.025743095154745585,0.025743095154745585
2021-03-15,0.00755222176784224,0.001,0.001,0.00755222176784224,0.00755222176784224
2021-03-16,0.0037548294949660494,0.001,0.001,0.0037548294949660494,0.0037548294949660494
2021-03-17,0.0,-0.04748870321131016,0.001,-0.04748870321131016,-0.04748870321131016
2021-03-18,0.0,0.009640938563459382,0.001,0.009640938563459382,0.009640938563459382
2021-03-19,0.0,0.026161593712567866,0.001,0.026161593712567866,0.026161593712567866
2021-03-22,-0.008797672358284969,-0.008797672358284969,0.001,-0.008797672358284969,-0.008797672358284969
2021-03-23,-0.03327325283389995,-0.03327325283389995,0.001,-0.03327325283389995,-0.03327325283389995
2021-03-24,0.0,-0.008559022131548402,0.001,-0.008559022131548402,-0.008559022131548402
2021-03-25,0.0,0.023962202595821224,0.001,0.023962202595821224,0.023962202595821224
2021-03-26,0.008453774702087117,0.008453774702087117,0.001,0.008453774702087117,0.008453774702087117
2021-03-29,-0.00592565172086071,-0.00592565172086071,0.001,-0.00592565172086071,-0.00592565172086071
2021-03-30,0.036350341244573245,0.036350341244573245,0.001,0.036350341244573245,0.036350341244573245
2021-03-31,0.034134389728747994,0.034134389728747994,0.001,0.034134389728747994,0.034134389728747994
2021-04-01,0.012644378284169979,0.012644378284169979,0.001,0.012644378284169979,0.012644378284169979
2021-04-05,-0.009048889671320141,-0.009048889671320141,0.001,-0.009048889671320141,-0.009048889671320141
2021-04-06,0.020139980184274795,0.020139980184274795,0.001,0.020139980184274795,0.020139980184274795
2021-04-07,0.012192491768518098,0.012192491768518098,0.001,0.012192491768518098,0.012192491768518098
2021-04-08,0.005780510535391305,0.005780510535391305,0.001,0.005780510535391305,0.005780510535391305
2021-04-09,0.054659153720662254,0.054659153720662254,0.001,0.054659153720662254,0.054659153720662254
2021-04-12,0.030466769004452398,0.030466769004452398,0.001,0.030466769004452398,0.030466769004452398
2021-04-13,-0.026005645465908042,-0.026005645465908042,0.001,-0.026005645465908042,-0.026005645465908042
2021-04-14,0.054781862624007444,0.054781862624007444,0.001,0.054781862624007444,0.054781862624007444
2021-04-15,-0.014025332117730858,-0.014025332117730858,0.001,-0.014025332117730858,-0.014025332117730858
2021-04-16,-0.035224357180927,-0.035224357180927,0.001,-0.035224357180927,-0.035224357180927
2021-04-19,-0.012478418607297266,-0.012478418607297266,0.001,-0.012478418607297266,-0.012478418607297266
2021-04-20,0.012397089059116243,0.012397089059116243,0.001,0.012397089059116243,0.012397089059116243
2021-04-21,-0.03378258456337114,-0.03378258456337114,0.001,-0.03378258456337114,-0.03378258456337114
2021-04-22,0.02756230031678468,0.02756230031678468,0.001,0.02756230031678468,0.02756230031678468
2021-04-23,0.01384062375781319,0.01384062375781319,0.001,0.01384062375781319,0.01384062375781319
2021-04-26,-0.00623789195474628,-0.00623789195474628,0.001,-0.00623789195474628,-0.00623789195474628
2021-04-27,0.0,0.001,0.001,-0.006849709373654527,-0.006849709373654527
2021-04-28,0.0,0.001,0.001,0.003137125680372123,0.003137125680372123
2021-04-29,0.0,0.001,0.001,-0.020785861015906813,-0.020785861015906813
2021-04-30,0.0,0.001,0.001,-0.011576090858552518,-0.011576090858552518
2021-05-03,0.0,0.001,0.001,-0.03327018795498372,-0.03327018795498372
2021-05-04,0.007445445416758985,0.001,0.001,0.007445445416758985,0.007445445416758985
2021-05-05,0.004451112762488398,0.001,0.001,0.004451112762488398,0.004451112762488398
2021-05-06,0.019720967046730226,0.001,0.001,0.019720967046730226,0.019720967046730226
2021-05-07,-0.03759299568143168,0.001,0.001,-0.03759299568143168,-0.03759299568143168
2021-05-10,0.002834923348510829,0.001,0.001,0.002834923348510829,0.002834923348510829
2021-05-11,-0.0390396559103082,0.001,0.001,-0.0390396559103082,-0.0390396559103082
2021-05-12,-0.006800720858229164,0.001,0.001,-0.006800720858229164,-0.006800720858229164
2021-05-13,0.041409458809434675,0.001,0.001,0.041409458809434675,0.041409458809434675
2021-05-14,-0.005456151247374874,0.001,0.001,-0.005456151247374874,-0.005456151247374874
2021-05-17,-0.010627716469842594,0.001,0.001,-0.010627716469842594,-0.010627716469842594
2021-05-18,0.0035610806743724363,0.001,0.001,0.0035610806743724363,0.0035610806743724363
2021-05-19,0.038134566798802005,0.001,0.001,0.038134566798802005,0.038134566798802005
2021-05-20,0.025622694169593552,0.001,0.001,0.025622694169593552,0.025622694169593552
2021-05-21,0.04053984510768962,0.04053984510768962,0.001,0.04053984510768962,0.04053984510768962
2021-05-24,0.002287251215464839,0.002287251215464839,0.001,0.002287251215464839,0.002287251215464839
2021-05-25,0.0033335698617538313,0.0033335698617538313,0.001,0.0033335698617538313,0.0033335698617538313
2021-05-26,-0.013595175089927799,-0.013595175089927799,0.001,-0.013595175089927799,-0.013595175089927799
2021-05-27,0.0476888159859756,0.0476888159859756,0.001,0.0476888159859756,0.0476888159859756
2021-05-28,0.0012304568569805028,0.0012304568569805028,0.001,0.0012304568569805028,0.0012304568569805028
2021-06-01,0.031098591358956353,0.031098591358956353,0.001,0.031098591358956353,0.031098591358956353
2021-06-02,0.011348925569972055,0.011348925569972055,0.001,0.011348925569972055,0.011348925569972055
2021-06-03,0.03523007782403736,0.03523007782403736,0.001,0.03523007782403736,0.03523007782403736
2021-06-04,0.002315443051534331,0.002315443051534331,0.001,0.002315443051534331,0.002315443051534331
2021-06-07,-0.009237079464661641,-0.009237079464661641,0.001,-0.009237079464661641,-0.009237079464661641
2021-06-08,-0.005672877938257003,-0.005672877938257003,0.001,-0.005672877938257003,-0.005672877938257003
2021-06-09,0.0038380345022454034,0.0038380345022454034,0.001,0.0038380345022454034,0.0038380345022454034
2021-06-10,0.022710113681910834,0.022710113681910834,0.001,0.022710113681910834,0.022710113681910834
2021-06-11,0.010796813518844263,0.010796813518844263,0.001,0.010796813518844263,0.010796813518844263
2021-06-14,-0.012860668408017166,-0.012860668408017166,0.001,-0.012860668408017166,-0.012860668408017166
2021-06-15,0.001221924909098336,0.001221924909098336,0.001,0.001221924909098336,0.001221924909098336
2021-06-16,0.04646068448965472,0.04646068448965472,0.001,0.04646068448965472,0.04646068448965472
2021-06-17,-0.000992030037613372,-0.000992030037613372,0.001,-0.000992030037613372,-0.000992030037613372
2021-06-18,-0.011412208675566336,-0.011412208675566336,0.001,-0.011412208675566336,-0.011412208675566336
2021-06-21,0.02463003688794591,0.02463003688794591,0.001,0.02463003688794591,0.02463003688794591
2021-06-22,0.008986978529076466,0.008986978529076466,0.001,0.008986978529076466,0.008986978529076466
2021-06-23,0.007749120314457748,0.007749120314457748,0.001,0.007749120314457748,0.007749120314457748
2021-06-24,-0.009127442321227154,-0.009127442321227154,0.001,-0.009127442321227154,-0.009127442321227154
2021-06-25,0.04891278695280572,0.04891278695280572,0.001,0.04891278695280572,0.04891278695280572
2021-06-28,0.002086885384904765,0.002086885384904765,0.001,0.002086885384904765,0.002086885384904765
2021-06-29,-0.0012116156469895848,-0.0012116156469895848,0.001,-0.0012116156469895848,-0.0012116156469895848
2021-06-30,0.01041918970341734,0.01041918970341734,0.001,0.01041918970341734,0.01041918970341734
2021-07-01,0.013514032668247635,0.013514032668247635,0.001,0.013514032668247635,0.013514032668247635
2021-07-02,0.010270703583178926,0.010270703583178926,0.001,0.010270703583178926,0.010270703583178926
2021-07-06,-0.01591208718713902,-0.01591208718713902,0.001,-0.01591208718713902,-0.01591208718713902
2021-07-07,-0.023291217304992274,-0.023291217304992274,0.001,-0.023291217304992274,-0.023291217304992274
2021-07-08,0.007383663697759625,0.001,0.001,0.007383663697759625,0.007383663697759625
2021-07-09,0.02279291600793088,0.001,0.001,0.02279291600793088,0.02279291600793088
2021-07-12,-0.012879700057539948,0.001,0.001,-0.012879700057539948,-0.012879700057539948
2021-07-13,-0.02037912355251214,0.001,0.001,-0.02037912355251214,-0.02037912355251214
2021-07-14,-0.045114614301036166,0.001,0.001,-0.045114614301036166,-0.045114614301036166
2021-07-15,-0.04338465661162849,0.001,0.001,-0.04338465661162849,-0.04338465661162849
2021-07-16,0.0335028064457563,0.001,0.001,0.0335028064457563,0.0335028064457563
2021-07-19,-0.008972697785480313,0.001,0.001,-0.008972697785480313,-0.008972697785480313
2021-07-20,0.04198188157196866,0.001,0.001,0.04198188157196866,0.04198188157196866
2021-07-21,0.009435000594102209,0.001,0.001,0.009435000594102209,0.009435000594102209
2021-07-22,-0.001838951156921062,0.001,0.001,-0.001838951156921062,-0.001838951156921062
2021-07-23,-0.013590239583311283,0.001,0.001,-0.013590239583311283,-0.013590239583311283
2021-07-26,-0.004467330721762513,0.001,0.001,-0.004467330721762513,-0.004467330721762513
2021-07-27,0.015241444739205919,0.001,0.001,0.015241444739205919,0.015241444739205919
2021-07-28,0.008119559124158455,0.001,0.001,0.008119559124158455,0.008119559124158455
2021-07-29,-0.008324661940121393,0.001,0.001,-0.008324661940121393,-0.008324661940121393
2021-07-30,0.012790280972164732,0.001,0.001,0.012790280972164732,0.012790280972164732
2021-08-02,0.0032857622474557206,0.001,0.001,0.0032857622474557206,0.0032857622474557206
2021-08-03,0.022900031644534136,0.001,0.001,0.022900031644534136,0.022900031644534136
2021-08-04,0.01774625382764174,0.001,0.001,0.01774625382764174,0.01774625382764174
2021-08-05,-0.013218733527946546,-0.013218733527946546,0.001,-0.013218733527946546,-0.013218733527946546
2021-08-06,-0.0034922514887064915,-0.0034922514887064915,0.001,-0.0034922514887064915,-0.0034922514887064915
2021-08-09,-0.017847370114077984,-0.017847370114077984,0.001,-0.017847370114077984,-0.017847370114077984
2021-08-10,-0.011959341111101897,-0.011959341111101897,0.001,-0.011959341111101897,-0.011959341111101897
2021-08-11,0.010403148123482307,0.001,0.001,0.010403148123482307,0.010403148123482307
2021-08-12,0.0,0.001,0.001,0.014117363924580911,0.014117363924580911
2021-08-13,-0.011859173294542084,0.001,0.001,-0.011859173294542084,-0.011859173294542084
2021-08-16,0.0,0.001,0.001,-0.024970875614922644,-0.024970875614922644
2021-08-17,-0.021716228515890848,0.001,0.001,-0.021716228515890848,-0.021716228515890848
2021-08-18,0.039038862005900773,0.001,0.001,0.039038862005900773,0.039038862005900773
2021-08-19,0.050140981583579394,0.001,0.001,0.050140981583579394,0.050140981583579394
2021-08-20,0.05340962511431851,0.001,0.001,0.05340962511431851,0.05340962511431851
2021-08-23,-0.007542762445888017,-0.007542762445888017,0.001,-0.007542762445888017,-0.007542762445888017
2021-08-24,0.0190888898319217,0.0190888898319217,0.001,0.0190888898319217,0.0190888898319217
2021-08-25,-0.006549042172191358,-0.006549042172191358,0.001,-0.006549042172191358,-0.006549042172191358
2021-08-26,0.025412913759027357,0.025412913759027357,0.001,0.025412913759027357,0.025412913759027357
2021-08-27,0.0022945931195311998,0.0022945931195311998,0.001,0.0022945931195311998,0.0022945931195311998
2021-08-30,-0.013445036326122194,-0.013445036326122194,0.001,-0.013445036326122194,-0.013445036326122194
2021-08-31,0.002498540343773186,0.002498540343773186,0.001,0.002498540343773186,0.002498540343773186
2021-09-01,-0.0020072748627469423,-0.0020072748627469423,0.001,-0.0020072748627469423,-0.0020072748627469423
2021-09-02,0.01976237531059525,0.01976237531059525,0.001,0.01976237531059525,0.01976237531059525
2021-09-03,-0.00795520079818082,-0.00795520079818082,0.001,-0.00795520079818082,-0.00795520079818082
2021-09-07,-0.014355480608791235,-0.014355480608791235,0.001,-0.014355480608791235,-0.014355480608791235
2021-09-08,-0.007278343452335401,-0.007278343452335401,0.001,-0.007278343452335401,-0.007278343452335401
2021-09-09,0.013481363756996285,0.001,0.001,0.013481363756996285,0.013481363756996285
2021-09-10,-0.014609276451343509,0.001,0.001,-0.014609276451343509,-0.014609276451343509
2021-09-13,0.004054614310295672,0.001,0.001,0.004054614310295672,0.004054614310295672
2021-09-14,0.004441118172773132,0.001,0.001,0.004441118172773132,0.004441118172773132
2021-09-15,0.0,0.001,0.001,-0.004441118172773133,-0.004441118172773133
2021-09-16,0.0,0.001,0.001,-0.01549580006223147,-0.01549580006223147
2021-09-17,-0.03659761370275634,0.001,0.001,-0.03659761370275634,-0.03659761370275634
2021-09-20,0.006279650302553013,0.001,0.001,0.006279650302553013,0.006279650302553013
2021-09-21,0.03218837596082367,0.001,0.001,0.03218837596082367,0.03218837596082367
2021-09-22,0.024357972685600242,0.001,0.001,0.024357972685600242,0.024357972685600242
2021-09-23,-0.01799752274407363,0.001,0.001,-0.01799752274407363,-0.01799752274407363
2021-09-24,-0.019250247377734276,0.001,0.001,-0.019250247377734276,-0.019250247377734276
2021-09-27,-0.045381873352337926,0.001,0.001,-0.045381873352337926,-0.045381873352337926
2021-09-28,-0.008831540723464698,0.001,0.001,-0.008831540723464698,-0.008831540723464698
2021-09-29,0.009652508958462341,0.001,0.001,0.009652508958462341,0.009652508958462341
2021-09-30,0.0012543287113075847,0.001,0.001,0.0012543287113075847,0.0012543287113075847
2021-10-01,-0.049918956964695595,0.001,0.001,-0.049918956964695595,-0.049918956964695595
2021-10-04,0.03579009033693116,0.001,0.001,0.03579009033693116,0.03579009033693116
2021-10-05,0.012101945633939386,0.001,0.001,0.012101945633939386,0.012101945633939386
2021-10-06,0.0179538029607776,0.001,0.001,0.0179538029607776,0.0179538029607776
2021-10-07,-0.01164530831996199,0.001,0.001,-0.01164530831996199,-0.01164530831996199
2021-10-08,-0.006550121314774502,0.001,0.001,-0.006550121314774502,-0.006550121314774502
2021-10-11,-0.0011603815206291633,0.001,0.001,-0.0011603815206291633,-0.0011603815206291633
2021-10-12,0.01288168052527347,0.001,0.001,0.01288168052527347,0.01288168052527347
2021-10-13,0.03781643644853965,0.001,0.001,0.03781643644853965,0.03781643644853965
2021-10-14,0.00532010162941541,0.00532010162941541,0.001,0.00532010162941541,0.00532010162941541
2021-10-15,0.01633284711809427,0.01633284711809427,0.001,0.01633284711809427,0.01633284711809427
2021-10-18,0.00305539381619707,0.00305539381619707,0.001,0.00305539381619707,0.00305539381619707
2021-10-19,-0.008424813559260657,-0.008424813559260657,0.001,-0.008424813559260657,-0.008424813559260657
2021-10-20,0.026299039672425858,0.026299039672425858,0.001,0.026299039672425858,0.026299039672425858
2021-10-21,0.0014972215257516167,0.0014972215257516167,0.001,0.0014972215257516167,0.0014972215257516167
2021-10-22,0.01917606620812569,0.01917606620812569,0.001,0.01917606620812569,0.01917606620812569
2021-10-25,0.06480552540821588,0.06480552540821588,0.001,0.06480552540821588,0.06480552540821588
2021-10-26,-0.010820104109701523,-0.010820104109701523,0.001,-0.010820104109701523,-0.010820104109701523
2021-10-27,0.019841911450427123,0.019841911450427123,0.001,0.019841911450427123,0.019841911450427123
2021-10-28,0.024789400280356238,0.024789400280356238,0.001,0.024789400280356238,0.024789400280356238
2021-10-29,0.010118007998585794,0.010118007998585794,0.001,0.010118007998585794,0.010118007998585794
2021-11-01,0.021981409620891398,0.021981409620891398,0.001,0.021981409620891398,0.021981409620891398
2021-11-02,0.0074341559608300115,0.0074341559608300115,0.001,0.0074341559608300115,0.0074341559608300115
2021-11-03,0.11370596103631894,0.11370596103631894,0.001,0.11370596103631894,0.11370596103631894
2021-11-04,-0.0016455861595331433,-0.0016455861595331433,0.001,-0.0016455861595331433,-0.0016455861595331433
2021-11-05,0.03474819561198729,0.03474819561198729,0.001,0.03474819561198729,0.03474819561198729
2021-11-08,-0.004783571557076651,-0.004783571557076651,0.001,-0.004783571557076651,-0.004783571557076651
2021-11-09,-0.03986155416371869,-0.03986155416371869,0.001,-0.03986155416371869,-0.03986155416371869
2021-11-10,0.031114133148882697,0.031114133148882697,0.001,0.031114133148882697,0.031114133148882697
2021-11-11,0.0,0.0,0.001,0.0,0.0
2021-11-12,-0.012083231583763739,-0.012083231583763739,0.001,-0.012083231583763739,-0.012083231583763739
2021-11-15,0.005910872632474999,0.005910872632474999,0.001,0.005910872632474999,0.005910872632474999
2021-11-16,-0.031685667486416075,-0.031685667486416075,0.001,-0.031685667486416075,-0.031685667486416075
2021-11-17,0.07927214171368,0.07927214171368,0.001,0.07927214171368,0.07927214171368
2021-11-18,0.04052522905803055,0.04052522905803055,0.001,0.04052522905803055,0.04052522905803055
2021-11-19,-0.03169299413619371,-0.03169299413619371,0.001,-0.03169299413619371,-0.03169299413619371
2021-11-22,-0.006593194760109051,-0.006593194760109051,0.001,-0.006593194760109051,-0.006593194760109051
2021-11-23,0.028812905783859564,0.028812905783859564,0.001,0.028812905783859564,0.028812905783859564
2021-11-24,-0.03649686044021974,-0.03649686044021974,0.001,-0.03649686044021974,-0.03649686044021974
2021-11-26,0.05775427473385255,0.001,0.001,0.05775427473385255,0.05775427473385255
2021-11-29,-0.021196239039937878,-0.021196239039937878,0.001,-0.021196239039937878,-0.021196239039937878
2021-11-30,-0.03871891847424149,0.001,0.001,-0.03871891847424149,-0.03871891847424149
2021-12-01,0.02174374919100605,0.001,0.001,0.02174374919100605,0.02174374919100605
2021-12-02,-0.045631012620450516,0.001,0.001,-0.045631012620450516,-0.045631012620450516
2021-12-03,-0.021604664507621833,0.001,0.001,-0.021604664507621833,-0.021604664507621833
2021-12-06,0.0765613747853891,0.001,0.001,0.0765613747853891,0.0765613747853891
2021-12-07,-0.018707779193869865,0.001,0.001,-0.018707779193869865,-0.018707779193869865
2021-12-08,-0.042884819006830395,0.001,0.001,-0.042884819006830395,-0.042884819006830395
2021-12-09,-0.009623057986975847,0.001,0.001,-0.009623057986975847,-0.009623057986975847
2021-12-10,-0.06983767840813328,0.001,0.001,-0.06983767840813328,-0.06983767840813328
2021-12-13,0.006230350346331341,0.001,0.001,0.006230350346331341,0.006230350346331341
2021-12-14,0.07221313751951526,0.001,0.001,0.07221313751951526,0.07221313751951526
2021-12-15,-0.07045024171279106,0.001,0.001,-0.07045024171279106,-0.07045024171279106
2021-12-16,-0.020859250573217417,0.001,0.001,-0.020859250573217417,-0.020859250573217417
2021-12-17,-0.0029539189975320147,0.001,0.001,-0.0029539189975320147,-0.0029539189975320147
2021-12-20,0.0477606309645451,0.001,0.001,0.0477606309645451,0.0477606309645451
2021-12-21,0.011115936724353345,0.001,0.001,0.011115936724353345,0.011115936724353345
2021-12-22,0.008130118466252778,0.001,0.001,0.008130118466252778,0.008130118466252778
2021-12-23,0.04308664549371993,0.001,0.001,0.04308664549371993,0.04308664549371993
2021-12-27,-0.020337887063632404,0.001,0.001,-0.020337887063632404,-0.020337887063632404
2021-12-28,-0.010642842135806626,0.001,0.001,-0.010642842135806626,-0.010642842135806626
2021-12-29,-0.01392940470340145,0.001,0.001,-0.01392940470340145,-0.01392940470340145
2021-12-30,-0.005932561264004396,0.001,0.001,-0.005932561264004396,-0.005932561264004396
2021-12-31,0.02385388237425141,0.001,0.001,0.02385388237425141,0.02385388237425141
2022-01-03,-0.02797642043987773,0.001,0.001,-0.02797642043987773,-0.02797642043987773
2022-01-04,-0.05928549902197395,0.001,0.001,-0.05928549902197395,-0.05928549902197395
2022-01-05,0.020580820686111178,0.001,0.001,0.020580820686111178,0.020580820686111178
2022-01-06,-0.03359809997581361,0.001,0.001,-0.03359809997581361,-0.03359809997581361
2022-01-07,0.00559958568647121,0.001,0.001,0.00559958568647121,0.00559958568647121
2022-01-10,0.015104324823602439,0.001,0.001,0.015104324823602439,0.015104324823602439
2022-01-11,0.006521490575488862,0.001,0.001,0.006521490575488862,0.006521490575488862
2022-01-12,-0.052197861933935295,0.001,0.001,-0.052197861933935295,-0.052197861933935295
2022-01-13,0.013715433384241178,0.001,0.001,0.013715433384241178,0.013715433384241178
2022-01-14,-0.039327598920230036,0.001,0.001,-0.039327598920230036,-0.039327598920230036
2022-01-18,-0.03280656985197703,0.001,0.001,-0.03280656985197703,-0.03280656985197703
2022-01-19,-0.037267853246227854,0.001,0.001,-0.037267853246227854,-0.037267853246227854
2022-01-20,-0.032660047290596204,0.001,0.001,-0.032660047290596204,-0.032660047290596204
2022-01-21,-8.560341867258537e-05,0.001,-8.560341867258537e-05,-8.560341867258537e-05,-8.560341867258537e-05
2022-01-24,-0.04587640732436348,0.001,-0.04587640732436348,-0.04587640732436348,-0.04587640732436348
2022-01-25,0.019869376676876684,0.001,0.019869376676876684,0.019869376676876684,0.019869376676876684
2022-01-26,0.0,0.001,-0.03703791818505504,-0.03703791818505504,-0.03703791818505504
2022-01-27,0.0,0.001,0.04001962670761735,0.04001962670761735,0.04001962670761735
2022-01-28,0.06958813667583863,0.001,0.001,0.06958813667583863,0.06958813667583863
2022-01-31,0.006188458213620971,0.001,0.001,0.006188458213620971,0.006188458213620971
2022-02-01,0.024219310449438723,0.001,0.001,0.024219310449438723,0.024219310449438723
2022-02-02,-0.05262448565582321,-0.05262448565582321,0.001,-0.05262448565582321,-0.05262448565582321
2022-02-03,0.0,0.015373136719002586,0.001,0.015373136719002586,0.015373136719002586
2022-02-04,0.01667828287593675,0.01667828287593675,0.001,0.01667828287593675,0.01667828287593675
2022-02-07,0.015250281808290304,0.015250281808290304,0.001,0.015250281808290304,0.015250281808290304
2022-02-08,0.06166429837997259,0.06166429837997259,0.001,0.06166429837997259,0.06166429837997259
2022-02-09,-0.03354654189145436,-0.03354654189145436,0.001,-0.03354654189145436,-0.03354654189145436
2022-02-10,-0.07537772455992682,-0.07537772455992682,0.001,-0.07537772455992682,-0.07537772455992682
2022-02-11,0.0,0.013190866394727855,0.001,0.013190866394727855,0.013190866394727855
2022-02-14,0.0,0.08783865674172198,0.001,0.08783865674172198,0.08783865674172198
2022-02-15,0.0006036614972372911,0.0006036614972372911,0.001,0.0006036614972372911,0.0006036614972372911
2022-02-16,-0.07860093933454136,-0.07860093933454136,0.001,-0.07860093933454136,-0.07860093933454136
2022-02-17,0.0,-0.035933990064063934,0.001,-0.035933990064063934,-0.035933990064063934
2022-02-18,0.0,-0.010716245216982724,0.001,-0.010716245216982724,-0.010716245216982724
2022-02-22,0.0,-0.0438281601065079,0.001,-0.0438281601065079,-0.0438281601065079
2022-02-23,0.05901788795934049,0.001,0.001,0.05901788795934049,0.05901788795934049
2022-02-24,0.017075893762238958,0.001,0.001,0.017075893762238958,0.017075893762238958
2022-02-25,0.009394022431582036,0.001,0.001,0.009394022431582036,0.009394022431582036
2022-02-28,-0.03794701061229415,-0.03794701061229415,0.001,-0.03794701061229415,-0.03794701061229415
2022-03-01,0.0,0.03115752183869954,0.001,0.03115752183869954,0.03115752183869954
2022-03-02,-0.021113089139985598,-0.021113089139985598,0.001,-0.021113089139985598,-0.021113089139985598
2022-03-03,0.0,-0.03335785612859281,0.001,-0.03335785612859281,-0.03335785612859281
2022-03-04,-0.07156238599142423,0.001,0.001,-0.07156238599142423,-0.07156238599142423
2022-03-07,0.007558504658224627,0.001,0.001,0.007558504658224627,0.007558504658224627
2022-03-08,0.0673988405763622,0.001,0.001,0.0673988405763622,0.0673988405763622
2022-03-09,-0.015589691544642346,0.001,0.001,-0.015589691544642346,-0.015589691544642346
2022-03-10,-0.02493540641975584,0.001,0.001,-0.02493540641975584,-0.02493540641975584
2022-03-11,-0.03546309687835894,0.001,0.001,-0.03546309687835894,-0.03546309687835894
2022-03-14,0.07420506580586288,0.001,0.001,0.07420506580586288,0.07420506580586288
2022-03-15,0.06419025603832236,0.001,0.001,0.06419025603832236,0.06419025603832236
2022-03-16,0.010961924232102679,0.010961924232102679,0.001,0.010961924232102679,0.010961924232102679
2022-03-17,0.06589776498402322,0.06589776498402322,0.001,0.06589776498402322,0.06589776498402322
2022-03-18,0.01056659561514094,0.01056659561514094,0.001,0.01056659561514094,0.01056659561514094
2022-03-21,-0.007886145747146696,-0.007886145747146696,0.001,-0.007886145747146696,-0.007886145747146696
2022-03-22,-0.034130364169045704,-0.034130364169045704,0.001,-0.034130364169045704,-0.034130364169045704
2022-03-23,0.09362771536869549,0.09362771536869549,0.001,0.09362771536869549,0.09362771536869549
2022-03-24,-0.016403798606262187,-0.016403798606262187,0.001,-0.016403798606262187,-0.016403798606262187
2022-03-25,0.0188519626410494,0.0188519626410494,0.001,0.0188519626410494,0.0188519626410494
2022-03-28,0.015367345041525161,0.015367345041525161,0.001,0.015367345041525161,0.015367345041525161
2022-03-29,-0.03429149364079767,-0.03429149364079767,0.001,-0.03429149364079767,-0.03429149364079767
2022-03-30,-0.014697632053181343,-0.014697632053181343,0.001,-0.014697632053181343,-0.014697632053181343
2022-03-31,-0.021260825773991267,-0.021260825773991267,0.001,-0.021260825773991267,-0.021260825773991267
2022-04-01,0.023969216419801598,0.023969216419801598,0.001,0.023969216419801598,0.023969216419801598
2022-04-04,-0.05364296030228309,-0.05364296030228309,0.001,-0.05364296030228309,-0.05364296030228309
2022-04-05,0.0,-0.060569195238766166,0.001,-0.060569195238766166,-0.060569195238766166
2022-04-06,-0.008186794911630027,0.001,0.001,-0.008186794911630027,-0.008186794911630027
2022-04-07,-0.046028396776607264,0.001,0.001,-0.046028396776607264,-0.046028396776607264
2022-04-08,-0.053392184788147216,0.001,0.001,-0.053392184788147216,-0.053392184788147216
2022-04-11,-0.01902363218635084,0.001,0.001,-0.01902363218635084,-0.01902363218635084
2022-04-12,0.031988424164783945,0.001,0.001,0.031988424164783945,0.031988424164783945
2022-04-13,-0.04349410718816693,0.001,0.001,-0.04349410718816693,-0.04349410718816693
2022-04-14,0.024396624661289282,0.001,0.001,0.024396624661289282,0.024396624661289282
2022-04-18,0.018872300170961195,0.001,0.001,0.018872300170961195,0.018872300170961195
2022-04-19,-0.03278680115471511,0.001,0.001,-0.03278680115471511,-0.03278680115471511
2022-04-20,-0.06237469762209826,0.001,0.001,-0.06237469762209826,-0.06237469762209826
2022-04-21,-0.033657324534233986,0.001,0.001,-0.033657324534233986,-0.033657324534233986
2022-04-22,0.019636881303909396,0.001,0.001,0.019636881303909396,0.019636881303909396
2022-04-25,-0.057601876810624154,0.001,0.001,-0.057601876810624154,-0.057601876810624154
2022-04-26,-0.020052774236422845,0.001,0.001,-0.020052774236422845,-0.020052774236422845
2022-04-27,0.0,0.001,0.07160681287785751,0.07160681287785751,0.07160681287785751
2022-04-28,-0.06446431386698895,0.001,0.001,-0.06446431386698895,-0.06446431386698895
2022-04-29,0.051797292731706746,0.001,0.001,0.051797292731706746,0.051797292731706746
2022-05-02,0.0035261739047734533,0.001,0.001,0.0035261739047734533,0.0035261739047734533
2022-05-03,0.03666277858241824,0.001,0.001,0.03666277858241824,0.03666277858241824
2022-05-04,-0.07609979029307418,-0.07609979029307418,0.001,-0.07609979029307418,-0.07609979029307418
2022-05-05,0.0,-0.009008863384749564,0.001,-0.009008863384749564,-0.009008863384749564
2022-05-06,0.0,-0.09691781132772644,0.001,-0.09691781132772644,-0.09691781132772644
2022-05-09,0.0373468529108764,0.001,0.001,0.0373468529108764,0.0373468529108764
2022-05-10,-0.056406489008703715,0.001,0.001,-0.056406489008703715,-0.056406489008703715
2022-05-11,-0.02774144952066276,0.001,0.001,-0.02774144952066276,-0.02774144952066276
2022-05-12,0.09043673663647107,0.001,0.001,0.09043673663647107,0.09043673663647107
2022-05-13,-0.025280124875238313,0.001,0.001,-0.025280124875238313,-0.025280124875238313
2022-05-16,0.05153365616895105,0.001,0.001,0.05153365616895105,0.05153365616895105
2022-05-17,-0.07059745886542593,-0.07059745886542593,0.001,-0.07059745886542593,-0.07059745886542593
2022-05-18,0.0,0.010921418077539387,0.001,0.010921418077539387,0.010921418077539387
2022-05-19,0.0,-0.025431632308444627,0.001,-0.025431632308444627,-0.025431632308444627
2022-05-20,0.0,0.01214592611836208,0.001,0.01214592611836208,0.01214592611836208
2022-05-23,0.0,-0.04502765871289575,0.001,-0.04502765871289575,-0.04502765871289575
2022-05-24,0.0,0.049574040458738394,0.001,0.049574040458738394,0.049574040458738394
2022-05-25,0.0,0.050317823745563595,0.001,0.050317823745563595,0.050317823745563595
2022-05-26,0.05238232925092351,0.05238232925092351,0.001,0.05238232925092351,0.05238232925092351
2022-05-27,-0.007416725971795631,-0.007416725971795631,0.001,-0.007416725971795631,-0.007416725971795631
2022-05-31,-0.01903178035397691,-0.01903178035397691,0.001,-0.01903178035397691,-0.01903178035397691
2022-06-01,0.06712792877464091,0.06712792877464091,0.001,0.06712792877464091,0.06712792877464091
2022-06-02,-0.045528836992894395,-0.045528836992894395,0.001,-0.045528836992894395,-0.045528836992894395
2022-06-03,0.0035194398395004484,0.0035194398395004484,0.001,0.0035194398395004484,0.0035194398395004484
2022-06-06,0.007424795320010992,0.007424795320010992,0.001,0.007424795320010992,0.007424795320010992
2022-06-07,-0.014797729337811252,-0.014797729337811252,0.001,-0.014797729337811252,-0.014797729337811252
2022-06-08,-0.03270404627568494,-0.03270404627568494,0.001,-0.03270404627568494,-0.03270404627568494
2022-06-09,-0.061352077532203286,-0.061352077532203286,0.001,-0.061352077532203286,-0.061352077532203286
2022-06-10,0.0,-0.08140359107217256,0.001,-0.08140359107217256,-0.08140359107217256
2022-06-13,0.012006631875550943,0.001,0.001,0.012006631875550943,0.012006631875550943
2022-06-14,0.042709575823234855,0.001,0.001,0.042709575823234855,0.042709575823234855
2022-06-15,-0.05766042900368972,0.001,0.001,-0.05766042900368972,-0.05766042900368972
2022-06-16,0.01772545901919711,0.001,0.001,0.01772545901919711,0.01772545901919711
2022-06-17,0.04229193822938514,0.001,0.001,0.04229193822938514,0.04229193822938514
2022-06-21,-0.012513032772828609,0.001,0.001,-0.012513032772828609,-0.012513032772828609
2022-06-22,-0.008286082380768363,0.001,0.001,-0.008286082380768363,-0.008286082380768363
2022-06-23,0.05404445842761781,0.001,0.001,0.05404445842761781,0.05404445842761781
2022-06-24,-0.015120157305397681,-0.015120157305397681,0.001,-0.015120157305397681,-0.015120157305397681
2022-06-27,-0.054014476312120425,-0.054014476312120425,0.001,-0.054014476312120425,-0.054014476312120425
2022-06-28,0.0,-0.02791708590576628,0.001,-0.02791708590576628,-0.02791708590576628
2022-06-29,-0.024951583856683644,0.001,0.001,-0.024951583856683644,-0.024951583856683644
2022-06-30,-0.04286085780865498,0.001,0.001,-0.04286085780865498,-0.04286085780865498
2022-07-01,0.02991371632047214,0.001,0.001,0.02991371632047214,0.02991371632047214
2022-07-05,0.011032235703254317,0.001,0.001,0.011032235703254317,0.011032235703254317
2022-07-06,0.04699455697731972,0.001,0.001,0.04699455697731972,0.04699455697731972
2022-07-07,-0.0012619577663387604,0.001,0.001,-0.0012619577663387604,-0.0012619577663387604
2022-07-08,-0.04427956993402479,-0.04427956993402479,0.001,-0.04427956993402479,-0.04427956993402479
2022-07-11,0.0,-0.004630599530573676,0.001,-0.004630599530573676,-0.004630599530573676
2022-07-12,0.0,0.005422203362322769,0.001,0.005422203362322769,0.005422203362322769
2022-07-13,0.01362348735498711,0.01362348735498711,0.001,0.01362348735498711,0.01362348735498711
2022-07-14,0.02505432942806904,0.02505432942806904,0.001,0.02505432942806904,0.02505432942806904
2022-07-15,0.021279386182322144,0.021279386182322144,0.001,0.021279386182322144,0.021279386182322144
2022-07-18,0.05386130774527821,0.05386130774527821,0.001,0.05386130774527821,0.05386130774527821
2022-07-19,0.04684891467699418,0.04684891467699418,0.001,0.04684891467699418,0.04684891467699418
2022-07-20,0.01355404865031354,0.01355404865031354,0.001,0.01355404865031354,0.01355404865031354
2022-07-21,-0.041341463667176254,-0.041341463667176254,0.001,-0.041341463667176254,-0.041341463667176254
2022-07-22,-0.01718005582495031,-0.01718005582495031,0.001,-0.01718005582495031,-0.01718005582495031
2022-07-25,-0.029265682227829794,-0.029265682227829794,0.001,-0.029265682227829794,-0.029265682227829794
2022-07-26,0.07327811234995577,0.07327811234995577,0.001,0.07327811234995577,0.07327811234995577
2022-07-27,0.010845878995734897,0.010845878995734897,0.001,0.010845878995734897,0.010845878995734897
2022-07-28,0.009904131511517056,0.009904131511517056,0.001,0.009904131511517056,0.009904131511517056
2022-07-29,0.015189882117517131,0.015189882117517131,0.001,0.015189882117517131,0.015189882117517131
2022-08-01,0.004598654824137294,0.004598654824137294,0.001,0.004598654824137294,0.004598654824137294
2022-08-02,0.019616363925722982,0.019616363925722982,0.001,0.019616363925722982,0.019616363925722982
2022-08-03,0.01689976744248522,0.01689976744248522,0.001,0.01689976744248522,0.01689976744248522
2022-08-04,-0.011831350939862666,-0.011831350939862666,0.001,-0.011831350939862666,-0.011831350939862666
2022-08-05,-0.06505480065681238,-0.06505480065681238,0.001,-0.06505480065681238,-0.06505480065681238
2022-08-08,0.0,-0.040545639733105446,0.001,-0.040545639733105446,-0.040545639733105446
2022-08-09,0.0,0.057486744795289514,0.001,0.057486744795289514,0.057486744795289514
2022-08-10,-0.008601883752988176,0.001,0.001,-0.008601883752988176,-0.008601883752988176
2022-08-11,0.04186037025881948,0.001,0.001,0.04186037025881948,0.04186037025881948
2022-08-12,0.017117079424342724,0.001,0.001,0.017117079424342724,0.017117079424342724
2022-08-15,-0.00807157349725242,-0.00807157349725242,0.001,-0.00807157349725242,-0.00807157349725242
2022-08-16,-0.029238426266347456,-0.029238426266347456,0.001,-0.029238426266347456,-0.029238426266347456
2022-08-17,0.0,0.023607953954089104,0.001,0.023607953954089104,0.023607953954089104
2022-08-18,-0.05047216914888912,-0.05047216914888912,0.001,-0.05047216914888912,-0.05047216914888912
2022-08-19,-0.04673616638589266,0.001,0.001,-0.04673616638589266,-0.04673616638589266
2022-08-22,0.008592737860630896,0.001,0.001,0.008592737860630896,0.008592737860630896
2022-08-23,0.00238353549210802,0.001,0.001,0.00238353549210802,0.00238353549210802
2022-08-24,0.03933906883374023,0.001,0.001,0.03933906883374023,0.03933906883374023
2022-08-25,-0.09681859399972066,0.001,0.001,-0.09681859399972066,-0.09681859399972066
2022-08-26,-0.02863491172027444,0.001,0.001,-0.02863491172027444,-0.02863491172027444
2022-08-29,-0.021299806095899248,0.001,0.001,-0.021299806095899248,-0.021299806095899248
2022-08-30,-0.02447609561544546,0.001,0.001,-0.02447609561544546,-0.02447609561544546
2022-08-31,-0.07975011091992147,0.001,0.001,-0.07975011091992147,-0.07975011091992147
2022-09-01,-0.021027453667353303,0.001,-0.021027453667353303,-0.021027453667353303,-0.021027453667353303
2022-09-02,-0.013426002581395535,0.001,-0.013426002581395535,-0.013426002581395535,-0.013426002581395535
2022-09-06,0.018323452907810945,0.001,0.018323452907810945,0.018323452907810945,0.018323452907810945
2022-09-07,0.019925581813441662,0.001,0.001,0.019925581813441662,0.019925581813441662
2022-09-08,0.027982254571170803,0.001,0.001,0.027982254571170803,0.027982254571170803
2022-09-09,0.00816839857495185,0.001,0.001,0.00816839857495185,0.00816839857495185
2022-09-12,-0.09951761170448718,0.001,0.001,-0.09951761170448718,-0.09951761170448718
2022-09-13,-0.00022844021159857455,0.001,0.001,-0.00022844021159857455,-0.00022844021159857455
2022-09-14,-0.015274530945913444,0.001,0.001,-0.015274530945913444,-0.015274530945913444
2022-09-15,0.02059245689167319,0.001,0.001,0.02059245689167319,0.02059245689167319
2022-09-16,0.013845218587332933,0.001,0.001,0.013845218587332933,0.013845218587332933
2022-09-19,-0.015513552419541577,0.001,0.001,-0.015513552419541577,-0.015513552419541577
2022-09-20,0.006430406871191835,0.001,0.001,0.006430406871191835,0.006430406871191835
2022-09-21,-0.05423060715225266,0.001,0.001,-0.05423060715225266,-0.05423060715225266
2022-09-22,-0.0035889560313180336,0.001,0.001,-0.0035889560313180336,-0.0035889560313180336
2022-09-23,-0.02327943090068035,0.001,0.001,-0.02327943090068035,-0.02327943090068035
2022-09-26,0.015015940691092208,0.001,0.015015940691092208,0.015015940691092208,0.015015940691092208
2022-09-27,0.025688314755738264,0.001,0.001,0.025688314755738264,0.025688314755738264
2022-09-28,0.0,-0.04135865829912679,0.001,-0.04135865829912679,-0.04135865829912679
2022-09-29,0.0,-0.006650570707588858,0.001,-0.006650570707588858,-0.006650570707588858
2022-09-30,0.0,0.030264785622738422,0.001,0.030264785622738422,0.030264785622738422
2022-10-03,0.0,0.051025494957430834,0.001,0.051025494957430834,0.051025494957430834
2022-10-04,0.003184702249562057,0.003184702249562057,0.001,0.003184702249562057,0.003184702249562057
2022-10-05,-0.00599869068668381,-0.00599869068668381,0.001,-0.00599869068668381,-0.00599869068668381
2022-10-06,-0.08367966749621555,-0.08367966749621555,0.001,-0.08367966749621555,-0.08367966749621555
2022-10-07,0.0,-0.03419857669839911,0.001,-0.03419857669839911,-0.03419857669839911
2022-10-10,0.0,-0.0072239419685783055,0.001,-0.0072239419685783055,-0.0072239419685783055
2022-10-11,0.0,-0.007450475498295036,0.001,-0.007450475498295036,-0.007450475498295036
2022-10-12,0.0,0.0392207163428276,0.001,0.0392207163428276,0.0392207163428276
2022-10-13,0.0,-0.06324613916910035,0.001,-0.06324613916910035,-0.06324613916910035
2022-10-14,0.0,0.05720783628433285,0.001,0.05720783628433285,0.05720783628433285
2022-10-17,0.0,0.006623413401650943,0.001,0.006623413401650943,0.006623413401650943
2022-10-18,0.0,0.0069947520610040585,0.001,0.0069947520610040585,0.0069947520610040585
2022-10-19,0.0,0.01179643321707801,0.001,0.01179643321707801,0.01179643321707801
2022-10-20,0.022060859054816175,0.022060859054816175,0.001,0.022060859054816175,0.022060859054816175
2022-10-21,0.010612537350012502,0.010612537350012502,0.001,0.010612537350012502,0.010612537350012502
2022-10-24,0.05120992861995497,0.05120992861995497,0.001,0.05120992861995497,0.05120992861995497
2022-10-25,-0.027910193866820997,-0.027910193866820997,0.001,-0.027910193866820997,-0.027910193866820997
2022-10-26,0.021479786995629094,0.021479786995629094,0.001,0.021479786995629094,0.021479786995629094
2022-10-27,0.04873233804599947,0.04873233804599947,0.001,0.04873233804599947,0.04873233804599947
2022-10-28,-0.024661884398486173,-0.024661884398486173,0.001,-0.024661884398486173,-0.024661884398486173
2022-10-31,0.003402405702165034,0.003402405702165034,0.001,0.003402405702165034,0.003402405702165034
2022-11-01,-0.02421464680177117,-0.02421464680177117,0.001,-0.02421464680177117,-0.02421464680177117
2022-11-02,0.015165430962223005,0.015165430962223005,0.001,0.015165430962223005,0.015165430962223005
2022-11-03,0.05331796301362092,0.05331796301362092,0.001,0.05331796301362092,0.05331796301362092
2022-11-04,0.010190867632578806,0.010190867632578806,0.001,0.010190867632578806,0.010190867632578806
2022-11-07,0.020829082014155315,0.020829082014155315,0.001,0.020829082014155315,0.020829082014155315
2022-11-08,-0.05823057248424598,-0.05823057248424598,0.001,-0.05823057248424598,-0.05823057248424598
2022-11-09,0.1339124159248136,0.1339124159248136,0.001,0.1339124159248136,0.1339124159248136
2022-11-10,0.035979793311757956,0.035979793311757956,0.001,0.035979793311757956,0.035979793311757956
2022-11-11,-0.001961841611828828,-0.001961841611828828,0.001,-0.001961841611828828,-0.001961841611828828
2022-11-14,0.02251242096197872,0.02251242096197872,0.001,0.02251242096197872,0.02251242096197872
2022-11-15,-0.04642290517454537,-0.04642290517454537,0.001,-0.04642290517454537,-0.04642290517454537
2022-11-16,-0.014753159752640835,-0.014753159752640835,0.001,-0.014753159752640835,-0.014753159752640835
2022-11-17,-0.017242892960102625,-0.017242892960102625,0.001,-0.017242892960102625,-0.017242892960102625
2022-11-18,-0.005988431960755132,-0.005988431960755132,0.001,-0.005988431960755132,-0.005988431960755132
2022-11-21,0.04599756495923385,0.04599756495923385,0.001,0.04599756495923385,0.04599756495923385
2022-11-22,0.029550266029288137,0.029550266029288137,0.001,0.029550266029288137,0.029550266029288137
2022-11-23,-0.015188229707637965,-0.015188229707637965,0.001,-0.015188229707637965,-0.015188229707637965
2022-11-25,-0.027605628225413997,-0.027605628225413997,0.001,-0.027605628225413997,-0.027605628225413997
2022-11-28,-0.011949530589650571,-0.011949530589650571,0.001,-0.011949530589650571,-0.011949530589650571
2022-11-29,0.0,0.001,0.001,0.07890587271113907,0.07890587271113907
2022-11-30,0.012449505421670124,0.012449505421670124,0.001,0.012449505421670124,0.012449505421670124
2022-12-01,-0.015230706972197465,-0.015230706972197465,0.001,-0.015230706972197465,-0.015230706972197465
2022-12-02,-0.01588750134070421,-0.01588750134070421,0.001,-0.01588750134070421,-0.01588750134070421
2022-12-05,-0.03822903927775948,-0.03822903927775948,0.001,-0.03822903927775948,-0.03822903927775948
2022-12-06,0.008284868046632508,0.001,0.001,0.008284868046632508,0.008284868046632508
2022-12-07,0.0,0.001,0.001,0.06304467939333674,0.06304467939333674
2022-12-08,-0.009833334988680734,0.001,0.001,-0.009833334988680734,-0.009833334988680734
2022-12-09,0.030926741345474917,0.001,0.001,0.030926741345474917,0.030926741345474917
2022-12-12,0.03016493213845918,0.03016493213845918,0.001,0.03016493213845918,0.03016493213845918
2022-12-13,-0.02226918601973721,-0.02226918601973721,0.001,-0.02226918601973721,-0.02226918601973721
2022-12-14,-0.04170881984554284,-0.04170881984554284,0.001,-0.04170881984554284,-0.04170881984554284
2022-12-15,-0.02273167308127824,0.001,0.001,-0.02273167308127824,-0.02273167308127824
2022-12-16,-0.0193151135877803,0.001,0.001,-0.0193151135877803,-0.0193151135877803
2022-12-19,-0.010451910721451374,0.001,0.001,-0.010451910721451374,-0.010451910721451374
2022-12-20,0.025533848067875117,0.001,0.001,0.025533848067875117,0.025533848067875117
2022-12-21,-0.07302236348852766,0.001,0.001,-0.07302236348852766,-0.07302236348852766
2022-12-22,-0.00870847997136983,0.001,0.001,-0.00870847997136983,-0.00870847997136983
2022-12-23,-0.07402703676285842,0.001,0.001,-0.07402703676285842,-0.07402703676285842
2022-12-27,-0.006037595959609087,0.001,0.001,-0.006037595959609087,-0.006037595959609087
2022-12-28,0.03960148997930725,0.001,0.001,0.03960148997930725,0.03960148997930725
2022-12-29,0.0007530296578501241,0.001,0.001,0.0007530296578501241,0.0007530296578501241
2022-12-30,-0.020672086058572937,0.001,0.001,-0.020672086058572937,-0.020672086058572937
2023-01-03,0.02986734722440986,0.001,0.001,0.02986734722440986,0.02986734722440986
2023-01-04,-0.033366247728456984,0.001,0.001,-0.033366247728456984,-0.033366247728456984
2023-01-05,0.04079674740448115,0.001,0.001,0.04079674740448115,0.04079674740448115
2023-01-06,0.050458437653764884,0.001,0.001,0.050458437653764884,0.050458437653764884
2023-01-09,0.017820817969266232,0.001,0.001,0.017820817969266232,0.017820817969266232
2023-01-10,0.005766174196141473,0.005766174196141473,0.001,0.005766174196141473,0.005766174196141473
2023-01-11,0.031375620085749165,0.031375620085749165,0.001,0.031375620085749165,0.031375620085749165
2023-01-12,0.02322765247067393,0.02322765247067393,0.001,0.02322765247067393,0.02322765247067393
2023-01-13,0.04642315007007071,0.04642315007007071,0.001,0.04642315007007071,0.04642315007007071
2023-01-17,-0.018530069303546705,-0.018530069303546705,0.001,-0.018530069303546705,-0.018530069303546705
2023-01-18,-0.03585419576766004,-0.03585419576766004,0.001,-0.03585419576766004,-0.03585419576766004
2023-01-19,0.06209376760385198,0.06209376760385198,0.001,0.06209376760385198,0.06209376760385198
2023-01-20,0.07315855944895293,0.07315855944895293,0.001,0.07315855944895293,0.07315855944895293
2023-01-23,0.0037442758315334493,0.0037442758315334493,0.001,0.0037442758315334493,0.0037442758315334493
2023-01-24,0.0030061474676211053,0.0030061474676211053,0.001,0.0030061474676211053,0.0030061474676211053
2023-01-25,0.024486851148173124,0.024486851148173124,0.001,0.024486851148173124,0.024486851148173124
2023-01-26,0.0280347848493683,0.0280347848493683,0.001,0.0280347848493683,0.0280347848493683
2023-01-27,-0.06088854439161597,-0.06088854439161597,0.001,-0.06088854439161597,-0.06088854439161597
2023-01-30,0.019380951723581338,0.019380951723581338,0.001,0.019380951723581338,0.019380951723581338
2023-01-31,0.06949436234951549,0.06949436234951549,0.001,0.06949436234951549,0.06949436234951549
2023-02-01,0.03592240469465814,0.03592240469465814,0.001,0.03592240469465814,0.03592240469465814
2023-02-02,-0.028453845676379867,-0.028453845676379867,0.001,-0.028453845676379867,-0.028453845676379867
2023-02-03,-0.0005214477485699791,-0.0005214477485699791,0.001,-0.0005214477485699791,-0.0005214477485699791
2023-02-06,0.05012373679801028,0.05012373679801028,0.001,0.05012373679801028,0.05012373679801028
2023-02-07,0.0014421376975802666,0.0014421376975802666,0.001,0.0014421376975802666,0.0014421376975802666
2023-02-08,0.0059270062614239965,0.0059270062614239965,0.001,0.0059270062614239965,0.0059270062614239965
2023-02-09,-0.04918199156616901,-0.04918199156616901,0.001,-0.04918199156616901,-0.04918199156616901
2023-02-10,0.024296864420307342,0.024296864420307342,0.001,0.024296864420307342,0.024296864420307342
2023-02-13,0.052873215602937104,0.052873215602937104,0.001,0.052873215602937104,0.052873215602937104
2023-02-14,-0.00905224196701129,-0.00905224196701129,0.001,-0.00905224196701129,-0.00905224196701129
2023-02-15,-0.03404694298595168,-0.03404694298595168,0.001,-0.03404694298595168,-0.03404694298595168
2023-02-16,-0.02830335515754444,-0.02830335515754444,0.001,-0.02830335515754444,-0.02830335515754444
2023-02-17,-0.034872585823890904,0.001,0.001,-0.034872585823890904,-0.034872585823890904
2023-02-21,0.0047815311215996656,0.001,0.001,0.0047815311215996656,0.0047815311215996656
2023-02-22,0.13121590205507125,0.001,0.001,0.13121590205507125,0.13121590205507125
2023-02-23,-0.01610259579688308,0.001,0.001,-0.01610259579688308,-0.01610259579688308
2023-02-24,0.009190658590005145,0.001,0.001,0.009190658590005145,0.009190658590005145
2023-02-27,-0.012201271008819365,0.001,0.001,-0.012201271008819365,-0.012201271008819365
2023-02-28,-0.02256486619106063,0.001,0.001,-0.02256486619106063,-0.02256486619106063
2023-03-01,0.02677719029296915,0.001,0.001,0.02677719029296915,0.02677719029296915
2023-03-02,0.02440593263414706,0.001,0.001,0.02440593263414706,0.02440593263414706
2023-03-03,-0.01416424209194232,0.001,0.001,-0.01416424209194232,-0.01416424209194232
2023-03-06,-0.011357482667493755,0.001,0.001,-0.011357482667493755,-0.011357482667493755
2023-03-07,0.037628979698207374,0.001,0.001,0.037628979698207374,0.037628979698207374
2023-03-08,-0.03129385388703557,0.001,0.001,-0.03129385388703557,-0.03129385388703557
2023-03-09,-0.020302012418917815,0.001,0.001,-0.020302012418917815,-0.020302012418917815
2023-03-10,4.3519657271245976e-05,0.001,0.001,4.3519657271245976e-05,4.3519657271245976e-05
2023-03-13,0.04666053555937232,0.001,0.001,0.04666053555937232,0.04666053555937232
2023-03-14,0.006833635931523843,0.001,0.001,0.006833635931523843,0.006833635931523843
2023-03-15,0.05277600287356863,0.001,0.001,0.05277600287356863,0.05277600287356863
2023-03-16,0.007178278105008585,0.007178278105008585,0.001,0.007178278105008585,0.007178278105008585
2023-03-17,0.006779657428062751,0.006779657428062751,0.001,0.006779657428062751,0.006779657428062751
2023-03-20,0.011478265408442512,0.011478265408442512,0.001,0.011478265408442512,0.011478265408442512
2023-03-21,0.010215252329925942,0.010215252329925942,0.001,0.010215252329925942,0.010215252329925942
2023-03-22,0.026949563918896007,0.026949563918896007,0.001,0.026949563918896007,0.026949563918896007
2023-03-23,-0.015268062439239333,-0.015268062439239333,0.001,-0.015268062439239333,-0.015268062439239333
2023-03-24,-0.009304107401968255,-0.009304107401968255,0.001,-0.009304107401968255,-0.009304107401968255
2023-03-27,-0.004571145261603305,-0.004571145261603305,0.001,-0.004571145261603305,-0.004571145261603305
2023-03-28,0.021501349519667663,0.021501349519667663,0.001,0.021501349519667663,0.021501349519667663
2023-03-29,0.014678291660528416,0.014678291660528416,0.001,0.014678291660528416,0.014678291660528416
2023-03-30,0.01428599380372868,0.01428599380372868,0.001,0.01428599380372868,0.01428599380372868
2023-03-31,0.0067453782146296125,0.0067453782146296125,0.001,0.0067453782146296125,0.0067453782146296125
2023-04-03,-0.01847831436585871,-0.01847831436585871,0.001,-0.01847831436585871,-0.01847831436585871
2023-04-04,-0.021055682720337355,-0.021055682720337355,0.001,-0.021055682720337355,-0.021055682720337355
2023-04-05,0.005786585898190875,0.001,0.001,0.005786585898190875,0.005786585898190875
2023-04-06,0.019848308159338104,0.001,0.001,0.019848308159338104,0.019848308159338104
2023-04-10,-0.014977990213686784,0.001,0.001,-0.014977990213686784,-0.014977990213686784
2023-04-11,-0.02512057286769924,0.001,0.001,-0.02512057286769924,-0.02512057286769924
2023-04-12,-0.0012085614693096958,0.001,0.001,-0.0012085614693096958,-0.0012085614693096958
2023-04-13,0.011085966231294568,0.001,0.001,0.011085966231294568,0.011085966231294568
2023-04-14,0.009077494903402036,0.001,0.001,0.009077494903402036,0.009077494903402036
2023-04-17,0.024329393345217082,0.001,0.001,0.024329393345217082,0.024329393345217082
2023-04-18,0.009496813740008872,0.001,0.001,0.009496813740008872,0.009496813740008872
2023-04-19,-0.03005585252302415,0.001,0.001,-0.03005585252302415,-0.03005585252302415
2023-04-20,0.0005532482580901556,0.001,0.001,0.0005532482580901556,0.0005532482580901556
2023-04-21,-0.002843363940150084,0.001,0.001,-0.002843363940150084,-0.002843363940150084
2023-04-24,-0.03006816271540295,0.001,0.001,-0.03006816271540295,-0.03006816271540295
2023-04-25,0.026882840425383036,0.001,0.001,0.026882840425383036,0.026882840425383036
2023-04-26,0.009966509049945354,0.001,0.001,0.009966509049945354,0.009966509049945354
2023-04-27,0.01902743037765254,0.001,0.001,0.01902743037765254,0.01902743037765254
2023-04-28,0.040987727447230254,0.001,0.001,0.040987727447230254,0.040987727447230254
2023-05-01,-0.024511058190318888,0.001,0.001,-0.024511058190318888,-0.024511058190318888
2023-05-02,-0.014568530358489911,-0.014568530358489911,0.001,-0.014568530358489911,-0.014568530358489911
2023-05-03,-0.00866993978335705,0.001,0.001,-0.00866993978335705,-0.00866993978335705
2023-05-04,0.0,0.001,0.001,0.03976200395407992,0.03976200395407992
2023-05-05,0.016289159223455574,0.016289159223455574,0.001,0.016289159223455574,0.016289159223455574
2023-05-08,-0.02009699812304626,-0.02009699812304626,0.001,-0.02009699812304626,-0.02009699812304626
2023-05-09,0.010930249684581755,0.010930249684581755,0.001,0.010930249684581755,0.010930249684581755
2023-05-10,-0.010685277078569578,-0.010685277078569578,0.001,-0.010685277078569578,-0.010685277078569578
2023-05-11,-0.008362920431836323,-0.008362920431836323,0.001,-0.008362920431836323,-0.008362920431836323
2023-05-12,0.021399555379267746,0.001,0.001,0.021399555379267746,0.021399555379267746
2023-05-15,0.008939998193007434,0.008939998193007434,0.001,0.008939998193007434,0.008939998193007434
2023-05-16,0.03249937218679542,0.03249937218679542,0.001,0.03249937218679542,0.03249937218679542
2023-05-17,0.048509252338859936,0.048509252338859936,0.001,0.048509252338859936,0.048509252338859936
2023-05-18,-0.013155143836531118,-0.013155143836531118,0.001,-0.013155143836531118,-0.013155143836531118
2023-05-19,-0.002818686783544427,-0.002818686783544427,0.001,-0.002818686783544427,-0.002818686783544427
2023-05-22,-0.01577689737356947,-0.01577689737356947,0.001,-0.01577689737356947,-0.01577689737356947
2023-05-23,-0.0048998764920286444,-0.0048998764920286444,0.001,-0.0048998764920286444,-0.0048998764920286444
2023-05-24,0.21808788007240454,0.21808788007240454,0.001,0.21808788007240454,0.21808788007240454
2023-05-25,0.02511635600756745,0.02511635600756745,0.001,0.02511635600756745,0.02511635600756745
2023-05-26,0.029474563092427592,0.029474563092427592,0.001,0.029474563092427592,0.029474563092427592
2023-05-30,-0.05844245286732084,-0.05844245286732084,0.001,-0.05844245286732084,-0.05844245286732084
2023-05-31,0.04990471116581726,0.04990471116581726,0.001,0.04990471116581726,0.04990471116581726
2023-06-01,-0.011201573382044588,-0.011201573382044588,0.001,-0.011201573382044588,-0.011201573382044588
2023-06-02,-0.003974583636777458,-0.003974583636777458,0.001,-0.003974583636777458,-0.003974583636777458
2023-06-05,-0.013286468516916745,-0.013286468516916745,0.001,-0.013286468516916745,-0.013286468516916745
2023-06-06,-0.030976241922724787,-0.030976241922724787,0.001,-0.030976241922724787,-0.030976241922724787
2023-06-07,0.02724390097018558,0.02724390097018558,0.001,0.02724390097018558,0.02724390097018558
2023-06-08,0.006728859248402525,0.006728859248402525,0.001,0.006728859248402525,0.006728859248402525
2023-06-09,0.01819806893306924,0.01819806893306924,0.001,0.01819806893306924,0.01819806893306924
2023-06-12,0.03826366011407102,0.03826366011407102,0.001,0.03826366011407102,0.03826366011407102
2023-06-13,0.04702189160777442,0.04702189160777442,0.001,0.04702189160777442,0.04702189160777442
2023-06-14,-0.008032775566352863,-0.008032775566352863,0.001,-0.008032775566352863,-0.008032775566352863
2023-06-15,0.000913971925733769,0.000913971925733769,0.001,0.000913971925733769,0.000913971925733769
2023-06-16,0.025804837950413072,0.025804837950413072,0.001,0.025804837950413072,0.025804837950413072
2023-06-20,-0.017570380882942,-0.017570380882942,0.001,-0.017570380882942,-0.017570380882942
2023-06-21,-0.00046466000922731497,-0.00046466000922731497,0.001,-0.00046466000922731497,-0.00046466000922731497
2023-06-22,-0.01914791779337092,-0.01914791779337092,0.001,-0.01914791779337092,-0.01914791779337092
2023-06-23,-0.03807752702129708,0.001,0.001,-0.03807752702129708,-0.03807752702129708
2023-06-26,0.03015692459154656,0.001,0.001,0.03015692459154656,0.03015692459154656
2023-06-27,-0.018291181950407957,0.001,0.001,-0.018291181950407957,-0.018291181950407957
2023-06-28,-0.0072005580056903225,0.001,0.001,-0.0072005580056903225,-0.0072005580056903225
2023-06-29,0.03561320486834228,0.001,0.001,0.03561320486834228,0.03561320486834228
2023-06-30,0.0026205543140207714,0.001,0.001,0.0026205543140207714,0.0026205543140207714
2023-07-03,-0.0022659482658541914,0.001,0.001,-0.0022659482658541914,-0.0022659482658541914
2023-07-05,-0.0050699160214645565,0.001,0.001,-0.0050699160214645565,-0.0050699160214645565
2023-07-06,0.009455610623529509,0.001,0.001,0.009455610623529509,0.009455610623529509
2023-07-07,-0.007628440616182319,0.001,0.001,-0.007628440616182319,-0.007628440616182319
2023-07-10,0.0053200687411785255,0.001,0.001,0.0053200687411785255,0.0053200687411785255
2023-07-11,0.03469363583487228,0.001,0.001,0.03469363583487228,0.03469363583487228
2023-07-12,0.046181410472192666,0.001,0.001,0.046181410472192666,0.046181410472192666
2023-07-13,-0.011110483333366917,0.001,0.001,-0.011110483333366917,-0.011110483333366917
2023-07-14,0.02158240547309955,0.02158240547309955,0.001,0.02158240547309955,0.02158240547309955
2023-07-17,0.021990156875462966,0.021990156875462966,0.001,0.021990156875462966,0.021990156875462966
2023-07-18,-0.008818824443497382,-0.008818824443497382,0.001,-0.008818824443497382,-0.008818824443497382
2023-07-19,-0.03363275203125776,-0.03363275203125776,0.001,-0.03363275203125776,-0.03363275203125776
2023-07-20,-0.026964025888835234,-0.026964025888835234,0.001,-0.026964025888835234,-0.026964025888835234
2023-07-21,0.006815096201665362,0.001,0.001,0.006815096201665362,0.006815096201665362
2023-07-24,0.02363582220880059,0.001,0.001,0.02363582220880059,0.02363582220880059
2023-07-25,-0.004981875725930595,0.001,0.001,-0.004981875725930595,-0.004981875725930595
2023-07-26,0.009808333639952883,0.001,0.001,0.009808333639952883,0.009808333639952883
2023-07-27,0.01834910542464786,0.001,0.001,0.01834910542464786,0.01834910542464786
2023-07-28,-0.00044929682131738,0.001,0.001,-0.00044929682131738,-0.00044929682131738
2023-07-31,-0.004762120671505233,0.001,0.001,-0.004762120671505233,-0.004762120671505233
2023-08-01,-0.04931815766434011,0.001,0.001,-0.04931815766434011,-0.04931815766434011
2023-08-02,0.005541516736957435,0.001,0.001,0.005541516736957435,0.005541516736957435
2023-08-03,0.003699783716763982,0.001,0.001,0.003699783716763982,0.003699783716763982
2023-08-04,0.016360499234946396,0.001,0.001,0.016360499234946396,0.016360499234946396
2023-08-07,-0.016718639461174828,0.001,0.001,-0.016718639461174828,-0.016718639461174828
2023-08-08,-0.048393963073315394,0.001,0.001,-0.048393963073315394,-0.048393963073315394
2023-08-09,-0.003908562899793833,0.001,0.001,-0.003908562899793833,-0.003908562899793833
2023-08-10,-0.036836113199839815,0.001,0.001,-0.036836113199839815,-0.036836113199839815
2023-08-11,0.0685309425843762,0.001,0.001,0.0685309425843762,0.0685309425843762
2023-08-14,0.004264891486232087,0.001,0.001,0.004264891486232087,0.004264891486232087
2023-08-15,-0.010385987086259629,0.001,0.001,-0.010385987086259629,-0.010385987086259629
2023-08-16,-0.003270722437134807,0.001,0.001,-0.003270722437134807,-0.003270722437134807
2023-08-17,-0.0010387910594265033,0.001,0.001,-0.0010387910594265033,-0.0010387910594265033
2023-08-18,0.08131567218079633,0.001,0.001,0.08131567218079633,0.08131567218079633
2023-08-21,-0.028047389524547117,0.001,0.001,-0.028047389524547117,-0.028047389524547117
2023-08-22,0.03121485228575207,0.03121485228575207,0.001,0.03121485228575207,0.03121485228575207
2023-08-23,0.0009969786387206384,0.0009969786387206384,0.001,0.0009969786387206384,0.0009969786387206384
2023-08-24,-0.02457699058177426,-0.02457699058177426,0.001,-0.02457699058177426,-0.02457699058177426
2023-08-25,0.017598108994350624,0.017598108994350624,0.001,0.017598108994350624,0.017598108994350624
2023-08-28,0.04077163126508516,0.04077163126508516,0.001,0.04077163126508516,0.04077163126508516
2023-08-29,0.009791191564956345,0.009791191564956345,0.001,0.009791191564956345,0.009791191564956345
2023-08-30,0.0018454786517271677,0.0018454786517271677,0.001,0.0018454786517271677,0.0018454786517271677
2023-08-31,-0.01728974413374466,-0.01728974413374466,0.001,-0.01728974413374466,-0.01728974413374466
2023-09-01,0.0008036816975975859,0.0008036816975975859,0.001,0.0008036816975975859,0.0008036816975975859
2023-09-05,-0.031108356107920766,-0.031108356107920766,0.001,-0.031108356107920766,-0.031108356107920766
2023-09-06,-0.017577775204194554,-0.017577775204194554,0.001,-0.017577775204194554,-0.017577775204194554
2023-09-07,-0.014573412814991091,0.001,0.001,-0.014573412814991091,-0.014573412814991091
2023-09-08,-0.00868318827375869,0.001,0.001,-0.00868318827375869,-0.00868318827375869
2023-09-11,-0.006840877574690574,0.001,0.001,-0.006840877574690574,-0.006840877574690574
2023-09-12,0.013613218509540427,0.001,0.001,0.013613218509540427,0.013613218509540427
2023-09-13,0.0021083764512410575,0.001,0.001,0.0021083764512410575,0.0021083764512410575
2023-09-14,-0.03757663630482319,0.001,0.001,-0.03757663630482319,-0.03757663630482319
2023-09-15,0.0015022440752087203,0.001,0.001,0.0015022440752087203,0.0015022440752087203
2023-09-18,-0.010195985848241475,0.001,0.001,-0.010195985848241475,-0.010195985848241475
2023-09-19,-0.029876685760689765,0.001,0.001,-0.029876685760689765,-0.029876685760689765
2023-09-20,-0.029357354057069164,0.001,0.001,-0.029357354057069164,-0.029357354057069164
2023-09-21,0.014353964414841379,0.001,0.001,0.014353964414841379,0.014353964414841379
2023-09-22,0.014600877440384734,0.001,0.001,0.014600877440384734,0.014600877440384734
2023-09-25,-0.0073931095450158624,0.001,0.001,-0.0073931095450158624,-0.0073931095450158624
2023-09-26,0.013202510381236097,0.001,0.001,0.013202510381236097,0.013202510381236097
2023-09-27,0.014516944467593747,0.001,0.001,0.014516944467593747,0.014516944467593747
2023-09-28,0.009470201545469807,0.001,0.001,0.009470201545469807,0.009470201545469807
2023-09-29,0.029068344408258614,0.001,0.001,0.029068344408258614,0.029068344408258614
2023-10-02,-0.028654679284701536,-0.028654679284701536,0.001,-0.028654679284701536,-0.028654679284701536
2023-10-03,0.011969399465788955,0.011969399465788955,0.001,0.011969399465788955,0.011969399465788955
2023-10-04,0.014583976514441072,0.014583976514441072,0.001,0.014583976514441072,0.014583976514441072
2023-10-05,0.02374907202724712,0.02374907202724712,0.001,0.02374907202724712,0.02374907202724712
2023-10-06,-0.010743273068497039,-0.010743273068497039,0.001,-0.010743273068497039,-0.010743273068497039
2023-10-09,0.011529627358815587,0.011529627358815587,0.001,0.011529627358815587,0.011529627358815587
2023-10-10,0.02177096524396214,0.02177096524396214,0.001,0.02177096524396214,0.02177096524396214
2023-10-11,0.002965302591582023,0.002965302591582023,0.001,0.002965302591582023,0.002965302591582023
2023-10-12,-0.03212191388901376,-0.03212191388901376,0.001,-0.03212191388901376,-0.03212191388901376
2023-10-13,0.013849727412101918,0.013849727412101918,0.001,0.013849727412101918,0.013849727412101918
2023-10-16,-0.04792496767694244,-0.04792496767694244,0.001,-0.04792496767694244,-0.04792496767694244
2023-10-17,0.0,-0.04045413348693489,0.001,-0.04045413348693489,-0.04045413348693489
2023-10-18,-0.0022538748762990835,0.001,0.001,-0.0022538748762990835,-0.0022538748762990835
2023-10-19,-0.017104687764020087,0.001,0.001,-0.017104687764020087,-0.017104687764020087
2023-10-20,0.03765166883401985,0.001,0.001,0.03765166883401985,0.03765166883401985
2023-10-23,0.015882504541909117,0.001,0.001,0.015882504541909117,0.015882504541909117
2023-10-24,-0.044107215429683475,0.001,0.001,-0.044107215429683475,-0.044107215429683475
2023-10-25,-0.03539737736165263,0.001,0.001,-0.03539737736165263,-0.03539737736165263
2023-10-26,0.004305546599207338,0.001,0.001,0.004305546599207338,0.004305546599207338
2023-10-27,0.016189214938030556,0.001,0.001,0.016189214938030556,0.016189214938030556
2023-10-30,-0.009299453838083095,0.001,0.001,-0.009299453838083095,-0.009299453838083095
2023-10-31,0.037186210832498144,0.001,0.001,0.037186210832498144,0.037186210832498144
2023-11-01,0.02752092549733669,0.001,0.001,0.02752092549733669,0.02752092549733669
2023-11-02,0.03387474690002963,0.001,0.001,0.03387474690002963,0.03387474690002963
2023-11-03,0.016440018957187604,0.016440018957187604,0.001,0.016440018957187604,0.016440018957187604
2023-11-06,0.004449059255094004,0.004449059255094004,0.001,0.004449059255094004,0.004449059255094004
2023-11-07,0.013379777032173818,0.013379777032173818,0.001,0.013379777032173818,0.013379777032173818
2023-11-08,0.008040748217552423,0.008040748217552423,0.001,0.008040748217552423,0.008040748217552423
2023-11-09,0.029072695070963262,0.029072695070963262,0.001,0.029072695070963262,0.029072695070963262
2023-11-10,0.0058790299440612745,0.0058790299440612745,0.001,0.0058790299440612745,0.0058790299440612745
2023-11-13,0.02108424654638049,0.02108424654638049,0.001,0.02108424654638049,0.02108424654638049
2023-11-14,-0.015587215885351394,-0.015587215885351394,0.001,-0.015587215885351394,-0.015587215885351394
2023-11-15,0.012036560692431319,0.012036560692431319,0.001,0.012036560692431319,0.012036560692431319
2023-11-16,-0.0036850191889016117,-0.0036850191889016117,0.001,-0.0036850191889016117,-0.0036850191889016117
2023-11-17,0.022286219350210152,0.022286219350210152,0.001,0.022286219350210152,0.022286219350210152
2023-11-20,-0.00926735578637639,-0.00926735578637639,0.001,-0.00926735578637639,-0.00926735578637639
2023-11-21,-0.02489487256656686,-0.02489487256656686,0.001,-0.02489487256656686,-0.02489487256656686
2023-11-22,0.0,-0.019484068283943036,0.001,-0.019484068283943036,-0.019484068283943036
2023-11-24,0.0,0.009706581151388642,0.001,0.009706581151388642,0.009706581151388642
2023-11-27,0.0,-0.008765167253228701,0.001,-0.008765167253228701,-0.008765167253228701
2023-11-28,0.006648563980867315,0.001,0.001,0.006648563980867315,0.006648563980867315
2023-11-29,-0.028871438150903872,0.001,0.001,-0.028871438150903872,-0.028871438150903872
2023-11-30,-0.00010693469029045707,0.001,0.001,-0.00010693469029045707,-0.00010693469029045707
2023-12-01,-0.027203001687777888,0.001,0.001,-0.027203001687777888,-0.027203001687777888
2023-12-04,0.022938656585212863,0.001,0.001,0.022938656585212863,0.022938656585212863
2023-12-05,-0.023092480099481356,0.001,0.001,-0.023092480099481356,-0.023092480099481356
2023-12-06,0.023736493313200595,0.001,0.001,0.023736493313200595,0.023736493313200595
2023-12-07,0.01934131482739504,0.001,0.001,0.01934131482739504,0.01934131482739504
2023-12-08,-0.018676280849406868,0.001,0.001,-0.018676280849406868,-0.018676280849406868
2023-12-11,0.02184980627625059,0.001,0.001,0.02184980627625059,0.02184980627625059
2023-12-12,0.009003136555809737,0.001,0.001,0.009003136555809737,0.009003136555809737
2023-12-13,0.005433498584020609,0.001,0.001,0.005433498584020609,0.005433498584020609
2023-12-14,0.011106673766097183,0.001,0.001,0.011106673766097183,0.011106673766097183
2023-12-15,0.02398895003424525,0.02398895003424525,0.001,0.02398895003424525,0.02398895003424525
2023-12-18,-0.009490336654420877,-0.009490336654420877,0.001,-0.009490336654420877,-0.009490336654420877
2023-12-19,-0.03056063502278477,-0.03056063502278477,0.001,-0.03056063502278477,-0.03056063502278477
2023-12-20,0.0,0.018105387448486,0.001,0.018105387448486,0.018105387448486
2023-12-21,-0.003271314339771117,-0.003271314339771117,0.001,-0.003271314339771117,-0.003271314339771117
2023-12-22,0.00915309761525891,0.00915309761525891,0.001,0.00915309761525891,0.00915309761525891
2023-12-26,0.002796477656837999,0.002796477656837999,0.001,0.002796477656837999,0.002796477656837999
2023-12-27,0.002122511497586038,0.002122511497586038,0.001,0.002122511497586038,0.002122511497586038
2023-12-28,0.0,0.0,0.001,0.0,0.0
2023-12-29,-0.02772211738523425,-0.02772211738523425,0.001,-0.02772211738523425,-0.02772211738523425
2024-01-02,-0.01251359125329964,0.001,0.001,-0.01251359125329964,-0.01251359125329964
2024-01-03,0.008978072559004251,0.001,0.001,0.008978072559004251,0.008978072559004251
2024-01-04,0.022638569361499685,0.001,0.001,0.022638569361499685,0.022638569361499685
2024-01-05,0.062299338302943125,0.001,0.001,0.062299338302943125,0.062299338302943125
2024-01-08,0.016832654919215293,0.016832654919215293,0.001,0.016832654919215293,0.016832654919215293
2024-01-09,0.022514656646229366,0.022514656646229366,0.001,0.022514656646229366,0.022514656646229366
2024-01-10,0.008646962145703948,0.008646962145703948,0.001,0.008646962145703948,0.008646962145703948
2024-01-11,-0.002045056296325205,-0.002045056296325205,0.001,-0.002045056296325205,-0.002045056296325205
2024-01-12,0.0301034667461705,0.0301034667461705,0.001,0.0301034667461705,0.0301034667461705
2024-01-16,-0.005852261317973168,-0.005852261317973168,0.001,-0.005852261317973168,-0.005852261317973168
2024-01-17,0.018628977068358372,0.018628977068358372,0.001,0.018628977068358372,0.018628977068358372
2024-01-18,0.04089838574844336,0.04089838574844336,0.001,0.04089838574844336,0.04089838574844336
2024-01-19,0.002736133291805929,0.002736133291805929,0.001,0.002736133291805929,0.002736133291805929
2024-01-22,0.0036644777214667607,0.0036644777214667607,0.001,0.0036644777214667607,0.0036644777214667607
2024-01-23,0.02456507249472283,0.02456507249472283,0.001,0.02456507249472283,0.02456507249472283
2024-01-24,0.004147072807371126,0.004147072807371126,0.001,0.004147072807371126,0.004147072807371126
2024-01-25,-0.009555913097487179,-0.009555913097487179,0.001,-0.009555913097487179,-0.009555913097487179
2024-01-26,0.02322449952214017,0.02322449952214017,0.001,0.02322449952214017,0.02322449952214017
2024-01-29,0.004934544971247978,0.004934544971247978,0.001,0.004934544971247978,0.004934544971247978
2024-01-30,-0.020064837494067053,-0.020064837494067053,0.001,-0.020064837494067053,-0.020064837494067053
2024-01-31,0.02408710298463108,0.02408710298463108,0.001,0.02408710298463108,0.02408710298463108
2024-02-01,0.04851289327937362,0.04851289327937362,0.001,0.04851289327937362,0.04851289327937362
2024-02-02,0.04683046457529147,0.04683046457529147,0.001,0.04683046457529147,0.04683046457529147
2024-02-05,-0.016124825508135644,-0.016124825508135644,0.001,-0.016124825508135644,-0.016124825508135644
2024-02-06,0.027126769537459464,0.027126769537459464,0.001,0.027126769537459464,0.027126769537459464
2024-02-07,-0.006555056964094697,-0.006555056964094697,0.001,-0.006555056964094697,-0.006555056964094697
2024-02-08,0.035158224358993066,0.035158224358993066,0.001,0.035158224358993066,0.035158224358993066
2024-02-09,0.0015929780876426975,0.0015929780876426975,0.001,0.0015929780876426975,0.0015929780876426975
2024-02-12,-0.0016623645851637605,-0.0016623645851637605,0.001,-0.0016623645851637605,-0.0016623645851637605
2024-02-13,0.02427055303229851,0.02427055303229851,0.001,0.02427055303229851,0.02427055303229851
2024-02-14,-0.016949387130448385,-0.016949387130448385,0.001,-0.016949387130448385,-0.016949387130448385
2024-02-15,-0.0006195065993135117,-0.0006195065993135117,0.001,-0.0006195065993135117,-0.0006195065993135117
2024-02-16,-0.044508038298185434,-0.044508038298185434,0.001,-0.044508038298185434,-0.044508038298185434
2024-02-20,-0.0289232177606927,0.001,0.001,-0.0289232177606927,-0.0289232177606927
2024-02-21,0.1518699109265574,0.001,0.001,0.1518699109265574,0.1518699109265574
2024-02-22,0.0035461169334047426,0.001,0.001,0.0035461169334047426,0.0035461169334047426
2024-02-23,0.0034830414550332664,0.0034830414550332664,0.001,0.0034830414550332664,0.0034830414550332664
2024-02-26,-0.004955952061861661,-0.004955952061861661,0.001,-0.004955952061861661,-0.004955952061861661
2024-02-27,-0.013276836649200572,-0.013276836649200572,0.001,-0.013276836649200572,-0.013276836649200572
2024-02-28,0.018485584378327598,0.018485584378327598,0.001,0.018485584378327598,0.018485584378327598
2024-02-29,0.039251339133577215,0.039251339133577215,0.001,0.039251339133577215,0.039251339133577215
2024-03-01,0.03531970320906055,0.03531970320906055,0.001,0.03531970320906055,0.03531970320906055
2024-03-04,0.00849296161423167,0.00849296161423167,0.001,0.00849296161423167,0.00849296161423167
2024-03-05,0.03133128715761227,0.03133128715761227,0.001,0.03133128715761227,0.03133128715761227
2024-03-06,0.04377413582012889,0.04377413582012889,0.001,0.04377413582012889,0.04377413582012889
2024-03-07,-0.057075249950429556,-0.057075249950429556,0.001,-0.057075249950429556,-0.057075249950429556
2024-03-08,-0.020242786318162672,-0.020242786318162672,0.001,-0.020242786318162672,-0.020242786318162672
2024-03-11,0.0,0.0691265449161092,0.001,0.0691265449161092,0.0691265449161092
2024-03-12,-0.011214514737848697,-0.011214514737848697,0.001,-0.011214514737848697,-0.011214514737848697
2024-03-13,-0.032927733587288954,-0.032927733587288954,0.001,-0.032927733587288954,-0.032927733587288954
2024-03-14,-0.001217449810783349,-0.001217449810783349,0.001,-0.001217449810783349,-0.001217449810783349
2024-03-15,0.0070111675791149864,0.001,0.001,0.0070111675791149864,0.0070111675791149864
2024-03-18,0.010604371101197134,0.001,0.001,0.010604371101197134,0.010604371101197134
2024-03-19,0.010836163220206535,0.001,0.001,0.010836163220206535,0.010836163220206535
2024-03-20,0.01169380748320277,0.001,0.001,0.01169380748320277,0.01169380748320277
2024-03-21,0.03073623875289961,0.001,0.001,0.03073623875289961,0.03073623875289961
2024-03-22,0.007533383067711583,0.001,0.001,0.007533383067711583,0.007533383067711583
2024-03-25,-0.026030078127034312,0.001,0.001,-0.026030078127034312,-0.026030078127034312
2024-03-26,-0.025284257106179105,0.001,0.001,-0.025284257106179105,-0.025284257106179105
2024-03-27,0.0011738571048740798,0.001,0.001,0.0011738571048740798,0.0011738571048740798
2024-03-28,7.742577947127026e-05,0.001,0.001,7.742577947127026e-05,7.742577947127026e-05
2024-04-01,-0.010132672640455136,0.001,0.001,-0.010132672640455136,-0.010132672640455136
2024-04-02,-0.005470448926038467,0.001,0.001,-0.005470448926038467,-0.005470448926038467
2024-04-03,-0.03498973822683124,0.001,0.001,-0.03498973822683124,-0.03498973822683124
2024-04-04,0.02418573588959165,0.001,0.001,0.02418573588959165,0.02418573588959165
2024-04-05,-0.009992032108032756,0.001,0.001,-0.009992032108032756,-0.009992032108032756
2024-04-08,-0.02062845371681188,0.001,0.001,-0.02062845371681188,-0.02062845371681188
2024-04-09,0.019549040532027787,0.001,0.001,0.019549040532027787,0.019549040532027787
2024-04-10,0.04027445736106259,0.001,0.001,0.04027445736106259,0.04027445736106259
2024-04-11,-0.027182581920601363,0.001,0.001,-0.027182581920601363,-0.027182581920601363
2024-04-12,-0.025089268635691688,0.001,0.001,-0.025089268635691688,-0.025089268635691688
2024-04-15,0.01630798541740089,0.001,0.001,0.01630798541740089,0.01630798541740089
2024-04-16,-0.039433480816044454,0.001,0.001,-0.039433480816044454,-0.039433480816044454
2024-04-17,0.007539707722989095,0.001,0.001,0.007539707722989095,0.007539707722989095
2024-04-18,-0.10541170738661579,0.001,0.001,-0.10541170738661579,-0.10541170738661579
2024-04-19,0.04262196008344253,0.001,0.001,0.04262196008344253,0.04262196008344253
2024-04-22,0.03588109924467649,0.001,0.001,0.03588109924467649,0.03588109924467649
2024-04-23,-0.033883495493238776,0.001,0.001,-0.033883495493238776,-0.033883495493238776
2024-04-24,0.03641607402173808,0.001,0.001,0.03641607402173808,0.03641607402173808
2024-04-25,0.059923854019958256,0.001,0.001,0.059923854019958256,0.059923854019958256
2024-04-26,0.00025075984537682787,0.001,0.001,0.00025075984537682787,0.00025075984537682787
2024-04-29,-0.015560845730130867,0.001,0.001,-0.015560845730130867,-0.015560845730130867
2024-04-30,-0.03967636249082618,-0.03967636249082618,0.001,-0.03967636249082618,-0.03967636249082618
2024-05-01,0.03288267156852448,0.001,0.001,0.03288267156852448,0.03288267156852448
2024-05-02,0.03404564723647476,0.03404564723647476,0.001,0.03404564723647476,0.03404564723647476
2024-05-03,0.037046367934314844,0.037046367934314844,0.001,0.037046367934314844,0.037046367934314844
2024-05-06,-0.017362785604332076,-0.017362785604332076,0.001,-0.017362785604332076,-0.017362785604332076
2024-05-07,-0.0015693369746433206,-0.0015693369746433206,0.001,-0.0015693369746433206,-0.0015693369746433206
2024-05-08,-0.018587386768254555,-0.018587386768254555,0.001,-0.018587386768254555,-0.018587386768254555
2024-05-09,0.012663533306373933,0.012663533306373933,0.001,0.012663533306373933,0.012663533306373933
2024-05-10,0.005780051503259398,0.005780051503259398,0.001,0.005780051503259398,0.005780051503259398
2024-05-13,0.010530764498784111,0.010530764498784111,0.001,0.010530764498784111,0.010530764498784111
2024-05-14,0.03521052865092608,0.03521052865092608,0.001,0.03521052865092608,0.03521052865092608
2024-05-15,-0.002867852433328788,-0.002867852433328788,0.001,-0.002867852433328788,-0.002867852433328788
2024-05-16,-0.020125117604915768,-0.020125117604915768,0.001,-0.020125117604915768,-0.020125117604915768
2024-05-17,0.024576852202645855,0.024576852202645855,0.001,0.024576852202645855,0.024576852202645855
2024-05-20,0.006373430137870883,0.006373430137870883,0.001,0.006373430137870883,0.006373430137870883
2024-05-21,-0.004581428680368975,-0.004581428680368975,0.001,-0.004581428680368975,-0.004581428680368975
2024-05-22,0.08910596634916554,0.08910596634916554,0.001,0.08910596634916554,0.08910596634916554
2024-05-23,0.025397508123285527,0.025397508123285527,0.001,0.025397508123285527,0.025397508123285527
2024-05-24,0.06747577902957184,0.06747577902957184,0.001,0.06747577902957184,0.06747577902957184
2024-05-28,0.00807954501475379,0.00807954501475379,0.001,0.00807954501475379,0.00807954501475379
2024-05-29,-0.03839368267658087,-0.03839368267658087,0.001,-0.03839368267658087,-0.03839368267658087
2024-05-30,-0.007877067367059797,-0.007877067367059797,0.001,-0.007877067367059797,-0.007877067367059797
2024-05-31,0.04779367477250245,0.04779367477250245,0.001,0.04779367477250245,0.04779367477250245
2024-06-03,0.01241819543707253,0.01241819543707253,0.001,0.01241819543707253,0.01241819543707253
2024-06-04,0.050270810216502274,0.050270810216502274,0.001,0.050270810216502274,0.050270810216502274
2024-06-05,-0.011847108402547688,-0.011847108402547688,0.001,-0.011847108402547688,-0.011847108402547688
2024-06-06,-0.0009095244636971615,-0.0009095244636971615,0.001,-0.0009095244636971615,-0.0009095244636971615
2024-06-07,0.007433756465701216,0.007433756465701216,0.001,0.007433756465701216,0.007433756465701216
2024-06-10,-0.007251760142231361,-0.007251760142231361,0.001,-0.007251760142231361,-0.007251760142231361
2024-06-11,0.034865936816885656,0.034865936816885656,0.001,0.034865936816885656,0.034865936816885656
2024-06-12,0.03461751185348768,0.03461751185348768,0.001,0.03461751185348768,0.03461751185348768
2024-06-13,0.01736250908376909,0.01736250908376909,0.001,0.01736250908376909,0.01736250908376909
2024-06-14,-0.006847848057470798,-0.006847848057470798,0.001,-0.006847848057470798,-0.006847848057470798
2024-06-17,0.034517278337443155,0.034517278337443155,0.001,0.034517278337443155,0.034517278337443155
2024-06-18,-0.03604537270905467,-0.03604537270905467,0.001,-0.03604537270905467,-0.03604537270905467
